sentence,sentence_preprocessed,sentence_length,word_freq,high_low_freq,word_level,long_word_count,is_complete_sentence,is_complete_context,is_blacklist,is_greylist
將盜墓行為以加重竊盜罪論處。,將 盜墓 行為 以 加重 竊盜罪 論處,7,將(448374) 盜墓(150) 行為(97450) 以(547785) 加重(2651) 竊盜罪(51) 論處(48),"{'High': 5, 'Low': 2}","{'第5級': 3, 'Unknown': 3, '第6級': 1}",1,Y,N,N,N
許多租賃糾紛因此產生。,許多 租賃 糾紛 因此 產生,5,許多(159791) 租賃(854) 糾紛(2814) 因此(184606) 產生(82753),{'High': 5},"{'第3*級': 1, '第6級': 1, '第5級': 1, '第4*級': 2}",0,Y,Y,N,N
還不如簡單的「阿彌陀佛」。,還不如 簡單 的 阿彌陀佛,4,還不如(2287) 簡單(52683) 的(16029838) 阿彌陀佛(1156),{'High': 4},"{'Unknown': 2, '第2級': 1, '第1級': 1}",2,Y,Y,N,Y
才能化敵為友。,才能 化敵為友,2,才能(4391) 化敵為友(39),"{'High': 1, 'Low': 1}","{'第5級': 1, 'Unknown': 1}",1,Y,N,N,N
而進展到全新的階段。,而 進展到 全新 的 階段,5,而(937923) 進展到(35) 全新(5870) 的(16029838) 階段(35628),"{'High': 4, 'Low': 1}","{'第5級': 1, 'Unknown': 2, '第1級': 1, '第4*級': 1}",1,Y,Y,N,N
另有高招。,另 有 高招,3,另(138369) 有(2217079) 高招(198),{'High': 3},"{'第3級': 1, '第1級': 1, 'Unknown': 1}",0,Y,N,N,N
都是好東西。,都 是 好 東西,4,都(1125846) 是(4642407) 好(448428) 東西(139472),{'High': 4},"{'第1級': 3, 'Unknown': 1}",0,Y,N,N,N
目前在新加坡服役的王朝弘也將和蔡明亮聯袂出席片後座談。,目前 在 新加坡 服役 的 王朝弘 也 將 和 蔡明亮 聯袂 出席片 後 座談,14,目前(48695) 在(3284238) 新加坡(5228) 服役(1660) 的(16029838) 王朝弘(Unknown) 也(1590760) 將(448374) 和(1338337) 蔡明亮(214) 聯袂(160) 出席片(Unknown) 後(422857) 座談(893),"{'High': 12, 'Low': 2}","{'第4級': 1, '第1*級': 1, '第5級': 2, '第7級': 2, '第1級': 3, 'Unknown': 5}",4,Y,N,N,Y
無非是拼貼後完整呈現概念的成果。,無非 是 拼貼 後 完整 呈現 概念 的 成果,9,無非(2721) 是(4642407) 拼貼(1233) 後(422857) 完整(19201) 呈現(26810) 概念(41578) 的(16029838) 成果(16253),{'High': 9},"{'第6級': 3, '第1級': 3, 'Unknown': 1, '第4*級': 2}",0,Y,N,N,N
我們期待將來他們會有更出色的偶與舞蹈的表演。,我們 期待 將來 他們 會 有 更 出色 的 偶 與 舞蹈 的 表演,14,我們(979260) 期待(21616) 將來(17836) 他們(716752) 會(1014977) 有(2217079) 更(361676) 出色(5525) 的(16029838) 偶(2685) 與(968432) 舞蹈(6633) 的(16029838) 表演(20601),{'High': 14},"{'第1級': 5, '第4*級': 2, '第4級': 2, '第1*級': 1, 'Unknown': 2, '第5級': 2}",0,Y,Y,N,N
是讓這部作品更精彩的必要關鍵。,是 讓 這 部 作品 更 精彩 的 必要 關鍵,10,是(4642407) 讓(526314) 這(2114032) 部(71567) 作品(79492) 更(361676) 精彩(5163) 的(16029838) 必要(29889) 關鍵(25952),{'High': 10},"{'第1級': 3, '第2級': 2, 'Unknown': 2, '第5級': 2, '第4級': 1}",0,Y,N,N,N
別具驚悚。,別具 驚悚,2,別具(663) 驚悚(1009),{'High': 2},{'Unknown': 2},0,Y,N,N,N
歌劇演出不一定要大成本。,歌劇 演出 不一定 要 大 成本,6,歌劇(3810) 演出(20672) 不一定(12922) 要(851264) 大(525780) 成本(20612),{'High': 6},"{'第6級': 1, '第4*級': 1, 'Unknown': 1, '第1級': 2, '第5級': 1}",1,Y,N,N,N
便有可能成為具現代感的好戲。,便有 可能 成為 具 現代感 的 好 戲,8,便有(520) 可能(271025) 成為(143834) 具(41661) 現代感(245) 的(16029838) 好(448428) 戲(17584),{'High': 8},"{'Unknown': 4, '第1級': 2, '第5級': 1, '第6級': 1}",1,Y,N,N,N
瞭解他們劇本庫蒐集的情形。」,瞭解 他們 劇本庫 蒐集 的 情形,6,瞭解(28366) 他們(716752) 劇本庫(Unknown) 蒐集(7173) 的(16029838) 情形(35199),"{'High': 5, 'Low': 1}","{'第3*級': 2, '第1級': 2, 'Unknown': 1, '第5級': 1}",1,Y,N,N,N
得以自覺自省或能逐漸清晰。,得以 自覺 自省 或 能 逐漸 清晰,7,得以(20774) 自覺(6196) 自省(1051) 或(478077) 能(582260) 逐漸(38705) 清晰(9927),{'High': 7},"{'第6級': 3, 'Unknown': 1, '第3級': 1, '第1*級': 1, '第5級': 1}",0,Y,Y,N,N
不是嗎？,不 是 嗎,3,不(2282521) 是(4642407) 嗎(248249),{'High': 3},{'第1級': 3},0,N,N,N,N
請勿在家中模仿。,請 勿 在 家 中 模仿,6,請(120629) 勿(6163) 在(3284238) 家(236822) 中(1011729) 模仿(10229),{'High': 6},"{'第1級': 2, '第5級': 2, '第1*級': 1, 'Unknown': 1}",0,Y,N,N,N
台灣劇場多少少幾分土楞楞的直樸氣味。,台灣 劇場 多少 少 幾 分 土 楞楞 的 直樸 氣味,11,台灣(130718) 劇場(6520) 多少(50265) 少(50762) 幾(229415) 分(62224) 土(10469) 楞楞(54) 的(16029838) 直樸(5) 氣味(7860),"{'High': 9, 'Low': 2}","{'第1級': 6, '第6級': 1, '第4級': 1, 'Unknown': 2, '第5級': 1}",0,Y,N,N,N
不得不讓人質疑有利益輸送的情況。,不得不 讓 人 質疑 有 利益 輸送 的 情況,9,不得不(19838) 讓(526314) 人(1550512) 質疑(9842) 有(2217079) 利益(25126) 輸送(1156) 的(16029838) 情況(92301),{'High': 9},"{'第4級': 2, '第2級': 1, '第1級': 3, '第6級': 1, '第5級': 1, 'Unknown': 1}",1,Y,N,N,N
不可能選擇性辦案。,不可能 選擇性 辦案,3,不可能(41626) 選擇性(1964) 辦案(1676),{'High': 3},{'Unknown': 3},2,Y,N,N,N
目前允諾參與戰後救援工作的團體包括慈濟基金會、世界展望會台灣分會、國際佛光會中華總會、中華民國紅十字會總會、台灣區製藥工業同業公會、伊甸社會福利基金會、台灣路竹會、中華至善服務協會、台灣奧比斯基金會、台灣國際醫療行動協會等十個頗具國際人道救援實務經驗的組織。,目前 允諾 參與 戰後 救援 工作 的 團體 包括 慈濟 基金會 世界 展望會 台灣 分會 國際 佛 光 會 中華 總會 中華民國 紅十字會 總會 台灣區 製藥 工業 同業 公會 伊甸 社會 福利 基金會 台灣 路竹會 中華 至善 服務 協會 台灣 奧比斯 基金會 台灣 國際 醫療 行動 協會 等 十 個 頗 具 國際 人道 救援 實務 經驗 的 組織,59,目前(48695) 允諾(965) 參與(40595) 戰後(7107) 救援(2897) 工作(220164) 的(16029838) 團體(30852) 包括(74410) 慈濟(837) 基金會(7844) 世界(165235) 展望會(67) 台灣(130718) 分會(846) 國際(40846) 佛(21333) 光(42738) 會(1014977) 中華(8450) 總會(8038) 中華民國(5430) 紅十字會(454) 總會(8038) 台灣區(218) 製藥(624) 工業(20144) 同業(2212) 公會(2322) 伊甸(114) 社會(176660) 福利(4311) 基金會(7844) 台灣(130718) 路竹會(Unknown) 中華(8450) 至善(374) 服務(38055) 協會(13492) 台灣(130718) 奧比斯(5) 基金會(7844) 台灣(130718) 國際(40846) 醫療(13958) 行動(69326) 協會(13492) 等(327380) 十(77415) 個(2296574) 頗(22266) 具(41661) 國際(40846) 人道(3806) 救援(2897) 實務(5596) 經驗(86997) 的(16029838) 組織(69485),"{'High': 56, 'Low': 3}","{'第4級': 5, '第7級': 1, '第5級': 8, 'Unknown': 20, '第6級': 8, '第1級': 9, '第3*級': 4, '第2級': 2, '第1*級': 1, '第3級': 1}",9,Y,Y,N,Y
可能在94年編列預算採購愛國者三型飛彈。,可能 在 94年 編列 預算 採購 愛國 者 三 型 飛彈,11,可能(271025) 在(3284238) 94年(23) 編列(675) 預算(6549) 採購(3679) 愛國(4122) 者(423504) 三(313861) 型(4630) 飛彈(1684),"{'High': 10, 'Low': 1}","{'第1級': 2, '第1*級': 1, 'Unknown': 4, '第5級': 2, '第6級': 2}",1,Y,N,N,N
只安排宋在下午3時29分抵達。,只 安排 宋 在 下午 3時 29 分 抵達,9,只(436725) 安排(30105) 宋(13341) 在(3284238) 下午(20045) 3時(Unknown) 29(3902) 分(62224) 抵達(16291),"{'High': 8, 'Low': 1}","{'第1*級': 2, '第4級': 1, 'Unknown': 3, '第1級': 2, '第6級': 1}",0,Y,N,N,N
由存保公司總經理陳戰勝與韓國存款保險公司資深常務理事及副總裁金錫源代表雙方共同簽署。,由 存保 公司 總經理 陳 戰勝 與 韓國 存款 保險 公司 資深 常務 理事 及 副總裁 金錫源 代表 雙方 共同 簽署,21,由(208604) 存保(50) 公司(168500) 總經理(6256) 陳(10579) 戰勝(4179) 與(968432) 韓國(7113) 存款(3423) 保險(11763) 公司(168500) 資深(4975) 常務(1660) 理事(1182) 及(304586) 副總裁(1729) 金錫源(Unknown) 代表(58333) 雙方(22984) 共同(36636) 簽署(2297),"{'High': 19, 'Low': 2}","{'第4*級': 3, 'Unknown': 6, '第2級': 2, '第6級': 2, '第3*級': 1, '第5級': 4, '第7級': 1, '第4級': 2}",3,Y,Y,N,Y
未來將加強經驗交流、兩國訪談及人員訓練等合作。,未來 將 加強 經驗 交流 兩 國 訪談 及 人員 訓練 等 合作,13,未來(54445) 將(448374) 加強(13098) 經驗(86997) 交流(10657) 兩(526190) 國(73377) 訪談(6399) 及(304586) 人員(49261) 訓練(39436) 等(327380) 合作(35908),{'High': 13},"{'第4級': 2, '第5級': 4, '第4*級': 2, '第2級': 1, '第1級': 2, '第3*級': 2}",0,Y,Y,N,N
淨增加8‧91%與13‧86%。,淨 增加 8 91 與 13 86,7,淨(3292) 增加(48296) 8(21070) 91(1074) 與(968432) 13(17690) 86(995),{'High': 7},"{'Unknown': 5, '第4級': 1, '第4*級': 1}",0,Y,Y,N,N
並不信任他的線索。,並 不 信任 他 的 線索,6,並(442790) 不(2282521) 信任(23052) 他(2487930) 的(16029838) 線索(9554),{'High': 6},"{'第4*級': 2, '第1級': 3, '第6級': 1}",0,Y,N,N,N
以流行病學方式追查責任。,以 流行病學 方式 追查 責任,5,以(547785) 流行病學(281) 方式(133407) 追查(1932) 責任(29747),{'High': 5},"{'第5級': 1, 'Unknown': 1, '第4*級': 1, '第6級': 1, '第4級': 1}",1,Y,N,N,N
將俟甯女返國後約談說明。,將 俟 甯女 返國 後 約談 說明,7,將(448374) 俟(1441) 甯女(Unknown) 返國(1214) 後(422857) 約談(421) 說明(52918),"{'High': 6, 'Low': 1}","{'第5級': 1, 'Unknown': 3, '第6級': 1, '第1級': 1, '第4級': 1}",0,Y,N,N,Y
擇日與李前總統「會面」。,擇 日 與 李 前總統 會面,6,擇(3011) 日(94041) 與(968432) 李(17994) 前總統(274) 會面(3897),{'High': 6},"{'Unknown': 3, '第1級': 1, '第4*級': 1, '第6級': 1}",1,Y,Y,N,Y
軍方也保留事件的部份細節。」,軍方 也 保留 事件 的 部份 細節,7,軍方(2813) 也(1590760) 保留(11400) 事件(59059) 的(16029838) 部份(11022) 細節(15031),{'High': 7},"{'Unknown': 1, '第1級': 2, '第5級': 2, '第2級': 1, '第6級': 1}",0,Y,N,N,N
但他身體有些搖晃。,但 他 身體 有些 搖晃,5,但(597124) 他(2487930) 身體(97873) 有些(6971) 搖晃(4400),{'High': 5},"{'第2級': 1, '第1級': 1, '第1*級': 1, 'Unknown': 1, '第5級': 1}",0,Y,Y,N,N
迫害佔大多數的伊拉克什葉派回教徒已久。,迫害 佔 大多數 的 伊拉克 什葉派 回教徒 已 久,9,迫害(3092) 佔(11252) 大多數(21212) 的(16029838) 伊拉克(2383) 什葉派(52) 回教徒(363) 已(215610) 久(68086),"{'High': 8, 'Low': 1}","{'第6級': 1, '第5級': 1, 'Unknown': 3, '第1級': 2, '第7級': 1, '第3級': 1}",4,Y,N,N,Y
絕非美國的選擇。,絕非 美國 的 選擇,4,絕非(4277) 美國(148299) 的(16029838) 選擇(75178),{'High': 4},"{'第6級': 1, '第1級': 2, '第3*級': 1}",0,Y,N,N,N
遁入附近隱蔽處所補給彈藥。,遁入 附近 隱蔽 處所 補給 彈藥,6,遁入(431) 附近(32204) 隱蔽(1107) 處所(839) 補給(1927) 彈藥(1005),{'High': 6},"{'Unknown': 1, '第1*級': 1, '第7級': 3, '第6級': 1}",0,Y,N,N,N
一年期為折價一.五至一.八角。,一年期 為 折價 一五 至 一八 角,7,一年期(23) 為(761341) 折價(181) 一五(691) 至(101530) 一八(673) 角(10822),"{'Low': 1, 'High': 6}","{'Unknown': 5, '第5級': 2}",1,Y,Y,N,N
希望獲得增加供料。,希望 獲得 增加 供 料,5,希望(119975) 獲得(54809) 增加(48296) 供(17109) 料(4257),{'High': 5},"{'第2級': 1, '第5級': 1, '第4級': 1, 'Unknown': 2}",0,Y,N,N,N
但下半年將跌至三七八美元。,但 下 半 年 將 跌至 三七八 美元,8,但(597124) 下(329549) 半(80813) 年(514736) 將(448374) 跌至(163) 三七八(13) 美元(27307),"{'High': 7, 'Low': 1}","{'第2級': 1, '第1*級': 1, '第1級': 2, '第5級': 1, 'Unknown': 2, '第4級': 1}",1,Y,Y,N,N
佔光碟機成本僅一至三%。,佔 光碟機 成本 僅 一 至 三,7,佔(11252) 光碟機(176) 成本(20612) 僅(30739) 一(3701681) 至(101530) 三(313861),{'High': 7},"{'第5級': 4, 'Unknown': 1, '第1級': 2}",1,Y,Y,N,N
將視客戶需求與戰爭發展而定。,將 視 客戶 需求 與 戰爭 發展 而 定,9,將(448374) 視(15590) 客戶(19413) 需求(29061) 與(968432) 戰爭(42758) 發展(117494) 而(937923) 定(18743),{'High': 9},"{'第5級': 3, '第6級': 1, '第4*級': 2, '第4級': 2, 'Unknown': 1}",0,Y,Y,N,N
預計在一年內開拓六個據點。,預計 在 一年 內 開拓 六個 據點,7,預計(2295) 在(3284238) 一年(29) 內(183051) 開拓(3638) 六個(Unknown) 據點(2750),"{'High': 5, 'Low': 2}","{'第5級': 1, '第1*級': 1, 'Unknown': 2, '第3級': 1, '第6級': 2}",0,Y,N,N,Y
應調高或調低保險費率○.二五個百分點。,應 調高 或 調低 保險 費率 二五 個 百分點,9,應(82417) 調高(405) 或(478077) 調低(164) 保險(11763) 費率(499) 二五(445) 個(2296574) 百分點(362),{'High': 9},"{'Unknown': 6, '第3級': 1, '第5級': 1, '第1級': 1}",1,Y,Y,N,N
而減少者占一八.八五%。,而 減少 者 占 一八八五,5,而(937923) 減少(22815) 者(423504) 占(14546) 一八八五(98),"{'High': 4, 'Low': 1}","{'第5級': 2, '第4級': 1, 'Unknown': 2}",1,Y,Y,N,N
這項手續費變更是因日本政府每年依匯率變動而作的調整。,這 項 手續費 變更 是 因 日本 政府 每 年 依 匯率 變動 而 作 的 調整,17,這(2114032) 項(88887) 手續費(601) 變更(2885) 是(4642407) 因(119364) 日本(105587) 政府(92663) 每(333357) 年(514736) 依(37519) 匯率(3618) 變動(7232) 而(937923) 作(78184) 的(16029838) 調整(18900),{'High': 17},"{'第1級': 5, '第5級': 3, 'Unknown': 5, '第6級': 1, '第4級': 1, '第1*級': 1, '第4*級': 1}",1,Y,Y,N,N
出售利益七十八億元。,出售 利益 七十八億 元,4,出售(3719) 利益(25126) 七十八億(4) 元(60807),"{'High': 3, 'Low': 1}","{'第6級': 1, '第5級': 1, 'Unknown': 1, '第1級': 1}",1,Y,N,N,N
有提到台灣。,有 提到 台灣,3,有(2217079) 提到(32306) 台灣(130718),{'High': 3},"{'第1級': 2, '第4級': 1}",0,Y,N,N,N
還是沈穩一點比較好。,還是 沈穩 一點 比較 好,5,還是(155231) 沈穩(142) 一點(90745) 比較(112212) 好(448428),{'High': 5},"{'第1*級': 2, 'Unknown': 2, '第2級': 1}",0,Y,N,N,N
不會另行提案。,不會 另行 提案,3,不會(173045) 另行(772) 提案(3150),{'High': 3},"{'Unknown': 1, '第7級': 1, '第6級': 1}",0,Y,N,N,N
不過尚未作最後確定。,不過 尚未 作 最後 確定,5,不過(186226) 尚未(16593) 作(78184) 最後(142102) 確定(40181),{'High': 5},"{'第2級': 2, 'Unknown': 2, '第4級': 1}",0,Y,Y,N,N
就有機會回到市議會主持會議。,就 有 機會 回到 市議會 主持 會議,7,就(1737544) 有(2217079) 機會(81244) 回到(60084) 市議會(410) 主持(9827) 會議(30698),{'High': 7},"{'第1級': 2, '第2級': 2, 'Unknown': 1, '第5級': 1, '第4級': 1}",1,Y,N,N,N
已洽請高檢署查辦黑金中心追查不法資金流向。,已 洽請 高檢署 查辦 黑金 中心 追查 不法 資金 流向,10,已(215610) 洽請(17) 高檢署(3) 查辦(792) 黑金(193) 中心(46076) 追查(1932) 不法(1309) 資金(12844) 流向(1230),"{'High': 8, 'Low': 2}","{'第3級': 2, 'Unknown': 5, '第6級': 2, '第5級': 1}",1,Y,N,N,Y
民眾不要受騙上當。,民眾 不要 受騙 上當,4,民眾(17097) 不要(101931) 受騙(969) 上當(1489),{'High': 4},"{'第4*級': 2, 'Unknown': 1, '第5級': 1}",0,Y,N,N,N
但她還是不想離婚。,但 她 還是 不 想 離婚,6,但(597124) 她(1052913) 還是(155231) 不(2282521) 想(449884) 離婚(8665),{'High': 6},"{'第2級': 1, '第1級': 3, '第1*級': 1, '第4*級': 1}",0,Y,Y,N,N
要專心唸書不是件容易的事。,要 專心 唸書 不 是 件 容易 的 事,9,要(851264) 專心(10277) 唸書(2080) 不(2282521) 是(4642407) 件(139257) 容易(80831) 的(16029838) 事(385949),{'High': 9},"{'第1級': 5, '第4級': 1, '第2*級': 1, '第1*級': 2}",0,Y,N,N,N
送請電信總局審議。,送請 電信總局 審議,3,送請(55) 電信總局(38) 審議(1267),"{'Low': 2, 'High': 1}","{'Unknown': 2, '第7級': 1}",1,Y,N,N,N
實在是斯文掃地。,實在 是 斯文掃地,3,實在(51634) 是(4642407) 斯文掃地(Unknown),"{'High': 2, 'Low': 1}","{'第5級': 1, '第1級': 1, 'Unknown': 1}",1,Y,N,N,N
並以量力而為與儘量在國內採購為原則。,並 以 量力而為 與 儘量 在 國內 採購 為 原則,10,並(442790) 以(547785) 量力而為(129) 與(968432) 儘量(4602) 在(3284238) 國內(17537) 採購(3679) 為(761341) 原則(31148),{'High': 10},"{'第4*級': 3, '第5級': 3, 'Unknown': 2, '第1*級': 1, '第4級': 1}",1,Y,Y,N,N
居第二位。,居 第二 位,3,居(11675) 第二(98741) 位(284809),{'High': 3},"{'Unknown': 2, '第1級': 1}",0,Y,N,N,N
此舉勢必迫使稱霸印表機市場的惠普公司必須全神戒備。,此 舉 勢必 迫使 稱霸 印表機 市場 的 惠普 公司 必須 全神 戒備,13,此(288458) 舉(21400) 勢必(5212) 迫使(4454) 稱霸(1337) 印表機(536) 市場(65023) 的(16029838) 惠普(818) 公司(168500) 必須(170592) 全神(58) 戒備(1960),"{'High': 12, 'Low': 1}","{'第5級': 1, '第4級': 1, '第6級': 2, '第7級': 2, 'Unknown': 3, '第2級': 2, '第1級': 1, '第3級': 1}",1,Y,N,N,Y
但那至少要耗時二到三週。,但 那 至少 要 耗時 二 到 三週,8,但(597124) 那(754138) 至少(41964) 要(851264) 耗時(715) 二(152494) 到(546906) 三週(Unknown),"{'High': 7, 'Low': 1}","{'第2級': 1, '第1級': 4, '第4級': 1, 'Unknown': 2}",0,Y,Y,N,N
因此決戰時間恐將有點推遲。,因此 決戰 時間 恐 將 有點 推 遲,8,因此(184606) 決戰(1951) 時間(213595) 恐(6031) 將(448374) 有點(43275) 推(13235) 遲(7499),{'High': 8},"{'第4*級': 1, '第6級': 2, '第1級': 1, 'Unknown': 1, '第5級': 1, '第1*級': 1, '第4級': 1}",0,Y,Y,N,N
而這是要人命作代價的。,而 這 是 要 人命 作 代價 的,8,而(937923) 這(2114032) 是(4642407) 要(851264) 人命(1733) 作(78184) 代價(9270) 的(16029838),{'High': 8},"{'第5級': 2, '第1級': 4, '第6級': 1, 'Unknown': 1}",0,Y,Y,N,N
這是一個「孤立的小型民用工廠」。,這 是 一 個 孤立 的 小型 民用 工廠,9,這(2114032) 是(4642407) 一(3701681) 個(2296574) 孤立(4935) 的(16029838) 小型(6080) 民用(263) 工廠(16192),{'High': 9},"{'第1級': 5, '第6級': 1, 'Unknown': 2, '第4級': 1}",0,Y,N,N,N
(美聯社)也值得了。,美聯社 也 值得 了,4,美聯社(565) 也(1590760) 值得(34362) 了(3199291),{'High': 4},"{'Unknown': 2, '第1級': 1, '第4級': 1}",1,Y,N,N,N
正由檢警深入偵辦中。,正 由 檢警 深入 偵辦 中,6,正(179334) 由(208604) 檢警(40) 深入(18074) 偵辦(354) 中(1011729),"{'High': 5, 'Low': 1}","{'第3*級': 1, '第4*級': 1, 'Unknown': 2, '第5級': 1, '第6級': 1}",0,Y,N,N,N
昨日破獲的走私案研判係相同走私集團所為。,昨日 破獲 的 走私案 研判 係 相同 走私 集團 所為,10,昨日(2036) 破獲(230) 的(16029838) 走私案(29) 研判(1052) 係(9477) 相同(33311) 走私(1617) 集團(20609) 所為(240),"{'High': 9, 'Low': 1}","{'第5級': 2, '第7級': 1, '第1級': 1, 'Unknown': 2, '第6級': 3, '第4級': 1}",1,Y,N,N,N
也可望獲得明顯改善。」,也 可望 獲得 明顯 改善,5,也(1590760) 可望(1149) 獲得(54809) 明顯(35623) 改善(21559),{'High': 5},"{'第1級': 1, '第7級': 1, '第5級': 2, '第4*級': 1}",0,Y,N,N,N
吸引外國企業參與國內資本市場。,吸引 外國 企業 參與 國內 資本 市場,7,吸引(20619) 外國(13057) 企業(65457) 參與(40595) 國內(17537) 資本(11888) 市場(65023),{'High': 7},"{'第4級': 2, '第1*級': 1, '第4*級': 2, '第5級': 1, '第2級': 1}",0,Y,N,N,N
估計未來每年銷售量應可達到十萬台以上。,估計 未來 每 年 銷售量 應 可 達到 十萬 台 以上,11,估計(7162) 未來(54445) 每(333357) 年(514736) 銷售量(1485) 應(82417) 可(307359) 達到(35670) 十萬(5508) 台(29325) 以上(36569),{'High': 11},"{'第5級': 1, '第4級': 1, '第1*級': 1, '第1級': 1, 'Unknown': 3, '第4*級': 2, '第2級': 1, '第3*級': 1}",1,Y,N,N,N
均歡迎加入。,均 歡迎 加入,3,均(27783) 歡迎(19513) 加入(28847),{'High': 3},"{'第6級': 1, '第2級': 1, '第4級': 1}",0,Y,N,N,N
但普遍用在油田、工地、工廠商業用途。,但 普遍 用 在 油田 工地 工廠 商業 用途,9,但(597124) 普遍(16221) 用(377038) 在(3284238) 油田(463) 工地(1320) 工廠(16192) 商業(19292) 用途(4572),{'High': 9},"{'第2級': 1, '第4級': 2, '第1級': 1, '第1*級': 1, 'Unknown': 2, '第6級': 1, '第5級': 1}",0,Y,Y,N,N
馬祖缺水緊張情勢已獲紓解。,馬祖 缺 水 緊張 情勢 已 獲 紓解,8,馬祖(1202) 缺(9184) 水(86260) 緊張(27303) 情勢(7256) 已(215610) 獲(11610) 紓解(1786),{'High': 8},"{'Unknown': 1, '第5級': 3, '第1級': 1, '第2級': 1, '第3級': 1, '第6級': 1}",0,Y,N,N,N
他提醒台商應重視其未來的發展。,他 提醒 台商 應 重視 其 未來 的 發展,9,他(2487930) 提醒(20820) 台商(903) 應(82417) 重視(23501) 其(307905) 未來(54445) 的(16029838) 發展(117494),{'High': 9},"{'第1級': 2, '第4級': 4, 'Unknown': 2, '第6級': 1}",0,Y,N,N,N
可望在霸菱購入富洋股權後告一段落。,可望 在 霸菱 購入 富洋 股權 後 告一段落,8,可望(1149) 在(3284238) 霸菱(222) 購入(572) 富洋(Unknown) 股權(2196) 後(422857) 告一段落(1227),"{'High': 7, 'Low': 1}","{'第7級': 1, '第1*級': 1, 'Unknown': 4, '第1級': 1, '第6級': 1}",1,Y,N,N,Y
讓加盟者可以商圈不同的多元經營。」,讓 加盟 者 可以 商圈 不同 的 多元 經營,9,讓(526314) 加盟(952) 者(423504) 可以(560531) 商圈(523) 不同(159432) 的(16029838) 多元(10941) 經營(39913),{'High': 9},"{'第2級': 1, 'Unknown': 3, '第1級': 2, '第3級': 1, '第5級': 2}",0,Y,N,N,N
」也須參與其他各部會重要政策、政令之廣播、平面等相關文宣企劃諮詢。,也 須 參與 其他 各 部會 重要 政策 政令 之 廣播 平面 等 相關 文宣 企劃 諮詢,17,也(1590760) 須(17260) 參與(40595) 其他(189445) 各(243023) 部會(779) 重要(154863) 政策(30965) 政令(803) 之(875481) 廣播(9358) 平面(4449) 等(327380) 相關(41599) 文宣(1012) 企劃(2801) 諮詢(5558),{'High': 17},"{'第1級': 1, '第3級': 1, '第5級': 3, '第2級': 3, 'Unknown': 2, '第4*級': 2, '第7級': 1, '第6級': 3, '第3*級': 1}",0,Y,Y,N,N
為「連宋配」預留空間。,為 連 宋配 預留 空間,5,為(761341) 連(91153) 宋配(2) 預留(592) 空間(52519),"{'High': 4, 'Low': 1}","{'Unknown': 2, '第3*級': 1, '第7級': 1, '第4級': 1}",0,Y,Y,N,Y
還有十五國支持但不公開。,還 有 十五 國 支持 但 不 公開,8,還(625086) 有(2217079) 十五(19907) 國(73377) 支持(42489) 但(597124) 不(2282521) 公開(19118),{'High': 8},"{'Unknown': 2, '第1級': 3, '第4級': 1, '第2級': 1, '第4*級': 1}",0,Y,Y,N,N
國防部尚需進一步向情報單位查證。,國防部 尚 需 進一步 向 情報 單位 查證,8,國防部(1693) 尚(26113) 需(27999) 進一步(25130) 向(231672) 情報(8228) 單位(23148) 查證(1108),{'High': 8},"{'Unknown': 1, '第6級': 1, '第2級': 2, '第4*級': 1, '第5級': 2, '第7級': 1}",2,Y,N,N,N
本次台電工會理事長可望由國民黨籍人士出任。,本次 台電 工會 理事長 可望 由 國民黨籍 人士 出任,9,本次(Unknown) 台電(386) 工會(3243) 理事長(1443) 可望(1149) 由(208604) 國民黨籍(88) 人士(27666) 出任(5389),"{'Low': 2, 'High': 7}","{'Unknown': 5, '第7級': 1, '第4*級': 1, '第5級': 1, '第6級': 1}",2,Y,N,N,Y
情治單位全程情蒐的風聲。,情治 單位 全程 情蒐 的 風聲,6,情治(290) 單位(23148) 全程(639) 情蒐(27) 的(16029838) 風聲(2331),"{'High': 5, 'Low': 1}","{'Unknown': 3, '第5級': 1, '第1級': 1, '第6級': 1}",0,N,N,N,N
原先受邀的國民黨中央政策會副執行長張榮恭等人則決定不參加。,原先 受 邀 的 國民黨 中央 政策會 副執行長 張榮恭 等 人 則 決定 不 參加,15,原先(9219) 受(109982) 邀(7410) 的(16029838) 國民黨(11621) 中央(46180) 政策會(42) 副執行長(27) 張榮恭(2) 等(327380) 人(1550512) 則(254096) 決定(101837) 不(2282521) 參加(42962),"{'High': 12, 'Low': 3}","{'第5級': 3, '第4級': 1, 'Unknown': 5, '第1級': 3, '第3*級': 1, '第2級': 2}",4,Y,Y,N,Y
將撤離國軍設備和相關資源。,將 撤離 國軍 設備 和 相關 資源,7,將(448374) 撤離(1196) 國軍(1692) 設備(12866) 和(1338337) 相關(41599) 資源(27580),{'High': 7},"{'第5級': 1, '第6級': 1, 'Unknown': 2, '第4級': 2, '第4*級': 1}",0,Y,Y,N,N
就近全力支援。,就近 全力 支援,3,就近(1183) 全力(4329) 支援(7847),{'High': 3},"{'第6級': 1, 'Unknown': 1, '第5級': 1}",0,Y,N,N,N
絕未想到竟會扯上販毒案。,絕 未 想到 竟 會 扯上 販毒案,7,絕(6651) 未(101927) 想到(48955) 竟(35425) 會(1014977) 扯上(689) 販毒案(1),"{'High': 6, 'Low': 1}","{'第6級': 1, '第5級': 1, 'Unknown': 2, '第4*級': 1, '第1*級': 1, '第7級': 1}",1,Y,N,N,N
派出所出具熊女與廖某結婚前是單身女性證明。,派出所 出具 熊女 與 廖某 結婚 前 是 單身 女性 證明,11,派出所(646) 出具(251) 熊女(2) 與(968432) 廖某(1) 結婚(22719) 前(272709) 是(4642407) 單身(3039) 女性(59364) 證明(32919),"{'High': 9, 'Low': 2}","{'Unknown': 4, '第4*級': 1, '第3級': 1, '第1級': 2, '第5級': 1, '第4級': 2}",1,Y,Y,N,Y
完全像是一家人。,完全 像是 一家人,3,完全(115744) 像是(49912) 一家人(4587),{'High': 3},"{'第3*級': 1, 'Unknown': 2}",1,N,N,N,N
導致悲慘下場的遭遇感到不可思議。,導致 悲慘 下場 的 遭遇 感到 不可思議,7,導致(30222) 悲慘(5242) 下場(4027) 的(16029838) 遭遇(12074) 感到(74094) 不可思議(7724),{'High': 7},"{'第6級': 1, '第5級': 4, '第1級': 1, '第4級': 1}",1,Y,N,N,N
才於二月十六日凌晨在豐原交流道附近獲釋。,才 於 二月 十六日 凌晨 在 豐原 交流道 附近 獲釋,10,才(394539) 於(327210) 二月(12791) 十六日(2958) 凌晨(3229) 在(3284238) 豐原(374) 交流道(913) 附近(32204) 獲釋(548),{'High': 10},"{'第2級': 1, '第5級': 1, 'Unknown': 5, '第6級': 1, '第1*級': 2}",2,Y,N,N,N
以外加方式編入各縣市統籌分配款支應。,以 外加 方式 編入 各 縣市 統籌 分配 款 支應,10,以(547785) 外加(2016) 方式(133407) 編入(757) 各(243023) 縣市(1349) 統籌(816) 分配(8696) 款(5067) 支應(292),{'High': 10},"{'第5級': 2, 'Unknown': 3, '第4*級': 1, '第7級': 2, '第2級': 1, '第6級': 1}",0,Y,Y,N,N
高鐵局不知道拿哪一個劇本跟業者談！,高鐵局 不 知道 拿 哪 一 個 劇本 跟 業者 談,11,高鐵局(2) 不(2282521) 知道(343214) 拿(69263) 哪(64146) 一(3701681) 個(2296574) 劇本(12422) 跟(260280) 業者(6857) 談(44043),"{'Low': 1, 'High': 10}","{'Unknown': 3, '第1級': 5, '第5級': 1, '第1*級': 1, '第3*級': 1}",1,Y,N,N,N
並考量本身經營能力狀況後再提出申請。,並 考量 本身 經營 能力 狀況 後 再 提出 申請,10,並(442790) 考量(9481) 本身(44138) 經營(39913) 能力(93399) 狀況(44199) 後(422857) 再(326207) 提出(63073) 申請(10489),{'High': 10},"{'第4*級': 1, '第5級': 4, '第2級': 1, '第1級': 1, '第1*級': 1, 'Unknown': 1, '第4級': 1}",0,Y,Y,N,N
至今年底檢討。,至今 年底 檢討,3,至今(14540) 年底(2450) 檢討(5992),{'High': 3},"{'Unknown': 2, '第5級': 1}",0,Y,N,N,N
